Dougherty,Antwan,ADougherty556,Phi-Fr
Knox,Patrick,PKnoxX539,Art-SR
Parrish,Shane,SParrish474,Ger-SO
Kerr,Jerome,JKerrX130,Jou-SR
Foley,Adriel,AFoley752,Avi-JR
Wagner,Seamus,SWagner837,Ele-SR
Hobbs,Ashton,AHobbs844,Urb-Fr
Petty,Evie,EPetty205,Pub-SO
Myers,Leandro,LMyers183,Cou-SR
Roberts,Julia,JRoberts830,Lib-Fr
Brandt,Lukas,LBrandt112,Med-Fr
Livingston,Alani,ALivingston006,Urb-SO
Peterson,Jamiya,JPeterson639,Med-JR
Roy,Kirsten,KRoyXX825,Man-Fr
Copeland,Johnny,JCopeland583,Int-Fr
Wong,Amirah,AWongX533,Cre-SO
Kline,Luciano,LKline201,Cyb-SO
Joseph,Lance,LJoseph641,Bio-SR
Rangel,Paula,PRangel431,Neu-SR
Massey,Jamie,JMassey853,Mus-SR
Rubio,Karli,KRubio755,Exe-SR
Mcguire,Ellis,EMcguire534,Con-JR
Oliver,Madyson,MOliver668,Sec-Fr
Fry,Serenity,SFryXX411,Ele-JR
Leon,Jaliyah,JLeonX981,Geo-SO
Guerrero,Parker,PGuerrero247,Pol-Fr
Kemp,Milagros,MKempX897,Avi-SR
Garza,Aniya,AGarza601,Edu-Fr
Roberts,Zoe,ZRoberts528,The-SO
Chan,Ryder,RChanX239,Com-SR
Norton,Antonio,ANorton172,Mus-SR
Kim,Jazlene,JKimXX224,Com-JR
Cox,America,ACoxXX781,Avi-SR
Rogers,Colby,CRogers208,Soc-SR
Conrad,Stella,SConrad746,Bio-SO
Mccullough,Micheal,MMccullough223,Hea-SR
Hardy,Kolby,KHardy119,Mus-JR
Tapia,Sophia,STapia838,Che-Fr
Jacobson,Addison,AJacobson891,Con-JR
Terrell,Aimee,ATerrell390,Eme-Fr
Cannon,Abagail,ACannon376,Avi-Fr
Conrad,Donald,DConrad782,Man-JR
Medina,Tiana,TMedina667,Edu-JR
Vasquez,Edwin,EVasquez466,Sec-SO
Mcclain,Sofia,SMcclain732,Pub-SR
Nash,Braylon,BNashX498,Inf-Fr
Buchanan,Chaya,CBuchanan425,For-SR
Juarez,Charlize,CJuarez304,Rel-SR
Yu,Xzavier,XYuXXX036,Ger-SO
Kent,Timothy,TKentX916,Jou-Fr
Jones,Bailee,BJones121,Bio-SR
Hoover,Elizabeth,EHoover898,Eng-Fr
Ramos,Jaida,JRamos123,Avi-SR
Livingston,Perla,PLivingston240,Con-SR
Simpson,Shayna,SSimpson529,Eme-SO
Dawson,Jan,JDawson556,Wri-JR
Huffman,Aryana,AHuffman629,Mul-SO
Fernandez,Hillary,HFernandez684,Wom-JR
Barnes,Hillary,HBarnes360,Com-Fr
Parks,Kayla,KParks990,Eco-SR
Murphy,Todd,TMurphy455,Sch-Fr
Kelley,Melissa,MKelley398,Arc-SR
Gross,Abbigail,AGross563,Ath-SO
Benton,Alina,ABenton825,Spe-SO
Klein,Jadon,JKlein317,Com-SO
Love,Saul,SLoveX880,Inf-SO
Galvan,Ingrid,IGalvan204,Neu-Fr
Logan,Zachery,ZLogan143,Kin-Fr
Singleton,Rubi,RSingleton219,Soc-SO
Esparza,Emiliano,EEsparza346,Man-JR
Salazar,Sierra,SSalazar642,Cou-Fr
Blair,Ashlyn,ABlair906,Acc-SR
Barrera,Destiney,DBarrera582,Com-JR
Good,Armani,AGoodX042,Bio-Fr
Mcneil,Maximus,MMcneil765,Cre-JR
Peters,Jalen,JPeters543,Ath-JR
Preston,Chana,CPreston732,Inf-SR
Simmons,Asia,ASimmons665,Mus-Fr
Mccarty,Ronan,RMccarty097,Bio-SO
Mitchell,Adrianna,AMitchell124,Arc-Fr
Evans,Molly,MEvans887,His-SR
Mcclure,Lilah,LMcclure119,Sch-SR
Riddle,Lola,LRiddle430,Psy-JR
Novak,Khloe,KNovak114,Soc-JR
Harding,Elyse,EHarding535,Lit-SR
Clark,Aditya,AClark822,Mat-Fr
Patterson,Alvin,APatterson967,Edu-SR
Benson,Deegan,DBenson951,For-Fr
Mcbride,Aaron,AMcbride611,Eng-SR
West,Lilyana,LWestX516,Acc-SO
Liu,Connor,CLiuXX936,Cri-SO
Camacho,Asher,ACamacho735,Pol-SO
Hancock,Myles,MHancock239,Mat-SO
Cook,Asher,ACookX286,Ger-SO
Tanner,Cale,CTanner834,Pol-SO
Hester,Trent,THester168,Wri-SO
Romero,Cristofer,CRomero870,Bla-SO
Caldwell,Maren,MCaldwell745,Acc-SO
Long,Matthew,MLongX733,Civ-Fr
Booker,Remington,RBooker222,The-JR
